{
  "model": "RandomForestClassifier",
  "test_samples": 100,
  "core_metrics": {
    "accuracy": 0.86,
    "precision": 0.8695,
    "recall": 0.86,
    "f1_score": 0.859
  },
  "cross_validation": {
    "n_folds": 5,
    "scores": [
      0.93,
      0.8889,
      0.8485,
      0.899,
      0.8182
    ],
    "mean": 0.8769,
    "std": 0.0393
  },
  "classification_report": {
    "Invalid Syntax in Declarations": {
      "precision": 0.8333333333333334,
      "recall": 0.8333333333333334,
      "f1-score": 0.8333333333333334,
      "support": 12.0
    },
    "Missing Header Include": {
      "precision": 0.8461538461538461,
      "recall": 0.9166666666666666,
      "f1-score": 0.88,
      "support": 12.0
    },
    "Missing Return Statement": {
      "precision": 0.8125,
      "recall": 1.0,
      "f1-score": 0.896551724137931,
      "support": 13.0
    },
    "Missing Semicolon": {
      "precision": 1.0,
      "recall": 0.8461538461538461,
      "f1-score": 0.9166666666666666,
      "support": 13.0
    },
    "Type Mismatch": {
      "precision": 1.0,
      "recall": 0.9230769230769231,
      "f1-score": 0.96,
      "support": 13.0
    },
    "Undeclared Variable": {
      "precision": 0.8181818181818182,
      "recall": 0.75,
      "f1-score": 0.782608695652174,
      "support": 12.0
    },
    "Unmatched Braces": {
      "precision": 0.75,
      "recall": 0.9230769230769231,
      "f1-score": 0.8275862068965517,
      "support": 13.0
    },
    "Unmatched Parentheses": {
      "precision": 0.8888888888888888,
      "recall": 0.6666666666666666,
      "f1-score": 0.7619047619047619,
      "support": 12.0
    },
    "accuracy": 0.86,
    "macro avg": {
      "precision": 0.8686322358197358,
      "recall": 0.8573717948717949,
      "f1-score": 0.8573314235739273,
      "support": 100.0
    },
    "weighted avg": {
      "precision": 0.8695119463869463,
      "recall": 0.86,
      "f1-score": 0.8590462126079816,
      "support": 100.0
    }
  },
  "confusion_matrix": {
    "labels": [
      "Invalid Syntax in Declarations",
      "Missing Header Include",
      "Missing Return Statement",
      "Missing Semicolon",
      "Type Mismatch",
      "Undeclared Variable",
      "Unmatched Braces",
      "Unmatched Parentheses"
    ],
    "matrix": [
      [
        10,
        1,
        0,
        0,
        0,
        1,
        0,
        0
      ],
      [
        0,
        11,
        0,
        0,
        0,
        1,
        0,
        0
      ],
      [
        0,
        0,
        13,
        0,
        0,
        0,
        0,
        0
      ],
      [
        1,
        0,
        1,
        11,
        0,
        0,
        0,
        0
      ],
      [
        0,
        0,
        1,
        0,
        12,
        0,
        0,
        0
      ],
      [
        1,
        1,
        1,
        0,
        0,
        9,
        0,
        0
      ],
      [
        0,
        0,
        0,
        0,
        0,
        0,
        12,
        1
      ],
      [
        0,
        0,
        0,
        0,
        0,
        0,
        4,
        8
      ]
    ]
  }
}